{
  "_fv": 28,
  "_type": "item",
  "definition": {
    "renderType": 0,
    "texture": "bottomrice",
    "customModelName": "Normal",
    "name": "Rice Stem",
    "rarity": "COMMON",
    "creativeTab": {
      "value": "FOOD"
    },
    "stackSize": 64,
    "enchantability": 0,
    "useDuration": 16,
    "toolType": 0.0,
    "damageCount": 0,
    "destroyAnyBlock": false,
    "immuneToFire": false,
    "stayInGridWhenCrafting": false,
    "damageOnCrafting": false,
    "enableMeleeDamage": false,
    "damageVsEntity": 0.0,
    "specialInfo": [],
    "hasGlow": false,
    "inventorySize": 9,
    "inventoryStackSize": 64,
    "hasDispenseBehavior": false,
    "isFood": true,
    "nutritionalValue": 1,
    "saturation": 0.0,
    "eatResultItem": {
      "value": ""
    },
    "isMeat": false,
    "isAlwaysEdible": false,
    "animation": "eat"
  }
}