{
  "_fv": 28,
  "_type": "item",
  "definition": {
    "renderType": 0,
    "texture": "bowl",
    "customModelName": "Normal",
    "name": "Water Bowl",
    "rarity": "COMMON",
    "creativeTab": {
      "value": "FOOD"
    },
    "stackSize": 1,
    "enchantability": 0,
    "useDuration": 32,
    "toolType": 0.0,
    "damageCount": 0,
    "destroyAnyBlock": false,
    "immuneToFire": false,
    "stayInGridWhenCrafting": false,
    "damageOnCrafting": false,
    "enableMeleeDamage": false,
    "damageVsEntity": 0.0,
    "specialInfo": [],
    "hasGlow": false,
    "inventorySize": 9,
    "inventoryStackSize": 64,
    "hasDispenseBehavior": false,
    "isFood": true,
    "nutritionalValue": 0,
    "saturation": 0.19999999999999998,
    "eatResultItem": {
      "value": "Items.BOWL"
    },
    "isMeat": false,
    "isAlwaysEdible": true,
    "animation": "drink"
  }
}