{
  "_fv": 24,
  "_type": "food",
  "definition": {
    "renderType": 0,
    "texture": "ricebowl",
    "customModelName": "Normal",
    "name": "Rice Bowl",
    "rarity": "COMMON",
    "specialInfo": [],
    "creativeTab": {
      "value": "FOOD"
    },
    "stackSize": 64,
    "nutritionalValue": 11,
    "saturation": 4.0,
    "eatingSpeed": 28,
    "resultItem": {
      "value": "Items.BOWL"
    },
    "forDogs": false,
    "isAlwaysEdible": false,
    "animation": "eat",
    "hasGlow": false
  }
}