{
  "_fv": 24,
  "_type": "food",
  "definition": {
    "renderType": 0,
    "texture": "bowl",
    "customModelName": "Normal",
    "name": "Water Bowl",
    "rarity": "COMMON",
    "specialInfo": [],
    "creativeTab": {
      "value": "FOOD"
    },
    "stackSize": 1,
    "nutritionalValue": 0,
    "saturation": 0.19999999999999998,
    "eatingSpeed": 32,
    "resultItem": {
      "value": "Items.BOWL"
    },
    "forDogs": false,
    "isAlwaysEdible": true,
    "animation": "drink",
    "hasGlow": false
  }
}