{
	"credit": "Made with Blockbench",
	"textures": {
		"1": "buboddone",
		"particle": "bubod"
	},
	"elements": [
		{
			"from": [5, 0, 5],
			"to": [11, 2, 11],
			"faces": {
				"north": {"uv": [12, 11, 15, 5], "texture": "#1"},
				"east": {"uv": [1, 11, 4, 5], "texture": "#1"},
				"south": {"uv": [5, 13, 11, 15], "texture": "#1"},
				"west": {"uv": [5, 2, 11, 4], "texture": "#1"},
				"up": {"uv": [3, 4, 12, 12], "texture": "#1"},
				"down": {"uv": [4, 5, 13, 13], "texture": "#1"}
			}
		},
		{
			"from": [4, 0, 6],
			"to": [5, 2, 10],
			"faces": {
				"north": {"uv": [8, 12, 9, 14], "texture": "#1"},
				"east": {"uv": [11, 6, 15, 8], "texture": "#1"},
				"south": {"uv": [8, 4, 11, 8], "texture": "#1"},
				"west": {"uv": [2, 8, 6, 12], "texture": "#1"},
				"up": {"uv": [5, 3, 7, 8], "texture": "#1"},
				"down": {"uv": [7, 4, 10, 11], "texture": "#1"}
			}
		},
		{
			"from": [11, 0, 6],
			"to": [12, 2, 10],
			"faces": {
				"north": {"uv": [2, 8, 3, 10], "texture": "#1"},
				"east": {"uv": [6, 10, 10, 12], "texture": "#1"},
				"south": {"uv": [10, 8, 11, 10], "texture": "#1"},
				"west": {"uv": [5, 2, 12, 7], "texture": "#1"},
				"up": {"uv": [13, 5, 15, 11], "texture": "#1"},
				"down": {"uv": [4, 8, 5, 12], "texture": "#1"}
			}
		},
		{
			"from": [6, 0, 4],
			"to": [10, 2, 5],
			"faces": {
				"north": {"uv": [8, 5, 12, 7], "texture": "#1"},
				"east": {"uv": [8, 12, 9, 14], "texture": "#1"},
				"south": {"uv": [5, 2, 9, 4], "texture": "#1"},
				"west": {"uv": [11, 9, 12, 11], "texture": "#1"},
				"up": {"uv": [4, 8, 5, 12], "rotation": 270, "texture": "#1"},
				"down": {"uv": [6, 8, 7, 12], "rotation": 90, "texture": "#1"}
			}
		},
		{
			"from": [6, 0, 11],
			"to": [10, 2, 12],
			"faces": {
				"north": {"uv": [5, 1, 9, 3], "texture": "#1"},
				"east": {"uv": [10, 2, 11, 4], "texture": "#1"},
				"south": {"uv": [11, 6, 15, 8], "texture": "#1"},
				"west": {"uv": [4, 12, 5, 14], "texture": "#1"},
				"up": {"uv": [1, 5, 3, 11], "rotation": 270, "texture": "#1"},
				"down": {"uv": [13, 8, 14, 12], "rotation": 90, "texture": "#1"}
			}
		}
	]
}