{
	"credit": "Made with Blockbench",
	"textures": {
		"0": "rice stem",
		"1": "rice leaves",
		"2": "left rice stem part",
		"3": "Rice Head",
		"particle": "rice stem"
	},
	"elements": [
		{
			"name": "Right Stem",
			"from": [9, 0, 5],
			"to": [11, 16, 5],
			"faces": {
				"north": {"uv": [5, 0, 7, 16], "texture": "#0"},
				"east": {"uv": [0, 0, 16, 16], "texture": "#0"},
				"south": {"uv": [5, 0, 7, 16], "texture": "#0"},
				"west": {"uv": [0, 0, 0.01, 1], "texture": "#0"},
				"up": {"uv": [0, 0, 1, 0.01], "texture": "#0"},
				"down": {"uv": [0, 0, 1, 0.01], "texture": "#0"}
			}
		},
		{
			"name": "Right Stem",
			"from": [10, 0, 5],
			"to": [10, 16, 7],
			"faces": {
				"north": {"uv": [0, 0, 16, 16], "texture": "#0"},
				"east": {"uv": [5, 0, 7, 16], "texture": "#0"},
				"south": {"uv": [0, 0, 0.01, 1], "texture": "#0"},
				"west": {"uv": [5, 0, 7, 16], "texture": "#0"},
				"up": {"uv": [0, 0, 1, 0.01], "rotation": 270, "texture": "#0"},
				"down": {"uv": [0, 0, 1, 0.01], "rotation": 90, "texture": "#0"}
			}
		},
		{
			"name": "Left Stem",
			"from": [14, 0, 5],
			"to": [16, 16, 5],
			"faces": {
				"north": {"uv": [0, 0, 2, 16], "texture": "#2"},
				"east": {"uv": [0, 0, 16, 16], "texture": "#2"},
				"south": {"uv": [0, 0, 2, 16], "texture": "#2"},
				"west": {"uv": [0, 0, 0, 16], "texture": "#2"},
				"up": {"uv": [0, 0, 2, 0], "texture": "#2"},
				"down": {"uv": [0, 0, 2, 0], "texture": "#2"}
			}
		},
		{
			"name": "Left Stem",
			"from": [10, 0, 0],
			"to": [10, 16, 2],
			"faces": {
				"north": {"uv": [0, 0, 16, 16], "texture": "#2"},
				"east": {"uv": [0, 0, 2, 16], "texture": "#2"},
				"south": {"uv": [0, 0, 0, 16], "texture": "#2"},
				"west": {"uv": [0, 0, 2, 16], "texture": "#2"},
				"up": {"uv": [0, 0, 2, 0], "rotation": 270, "texture": "#2"},
				"down": {"uv": [0, 0, 2, 0], "rotation": 90, "texture": "#2"}
			}
		},
		{
			"from": [13, 0, 5],
			"to": [14, 4, 5],
			"faces": {
				"north": {"uv": [2, 12, 3, 16], "texture": "#1"},
				"east": {"uv": [0, 0, 16, 16], "texture": "#1"},
				"south": {"uv": [2, 13, 3, 16], "texture": "#1"},
				"west": {"uv": [0, 0, 0, 3], "texture": "#1"},
				"up": {"uv": [0, 0, 1, 0], "texture": "#1"},
				"down": {"uv": [0, 0, 1, 0], "texture": "#1"}
			}
		},
		{
			"from": [13, 5, 5],
			"to": [14, 8, 5],
			"faces": {
				"north": {"uv": [2, 8, 3, 11], "texture": "#1"},
				"east": {"uv": [0, 0, 16, 16], "texture": "#1"},
				"south": {"uv": [2, 8, 3, 11], "texture": "#1"},
				"west": {"uv": [0, 0, 0, 3], "texture": "#1"},
				"up": {"uv": [0, 0, 1, 0], "texture": "#1"},
				"down": {"uv": [0, 0, 1, 0], "texture": "#1"}
			}
		},
		{
			"from": [11, 5, 5],
			"to": [12, 11, 5],
			"faces": {
				"north": {"uv": [4, 5, 5, 11], "texture": "#1"},
				"east": {"uv": [0, 0, 16, 16], "texture": "#1"},
				"south": {"uv": [4, 5, 5, 11], "texture": "#1"},
				"west": {"uv": [0, 0, 0, 3], "texture": "#1"},
				"up": {"uv": [0, 0, 1, 0], "texture": "#1"},
				"down": {"uv": [0, 0, 1, 0], "texture": "#1"}
			}
		},
		{
			"from": [8, 0, 5],
			"to": [9, 5, 5],
			"faces": {
				"north": {"uv": [7, 11, 8, 16], "texture": "#1"},
				"east": {"uv": [0, 0, 16, 16], "texture": "#1"},
				"south": {"uv": [7, 11, 8, 16], "texture": "#1"},
				"west": {"uv": [0, 0, 0, 3], "texture": "#1"},
				"up": {"uv": [0, 0, 1, 0], "texture": "#1"},
				"down": {"uv": [0, 0, 1, 0], "texture": "#1"}
			}
		},
		{
			"from": [12, 27, 5],
			"to": [13, 30, 5],
			"faces": {
				"north": {"uv": [3, 2, 4, 5], "texture": "#3"},
				"east": {"uv": [0, 0, 16, 16], "texture": "#3"},
				"south": {"uv": [3, 2, 4, 5], "texture": "#3"},
				"west": {"uv": [0, 0, 0, 16], "texture": "#3"},
				"up": {"uv": [0, 0, 2, 0], "texture": "#3"},
				"down": {"uv": [0, 0, 2, 0], "texture": "#3"}
			}
		},
		{
			"from": [9, 16, 5],
			"to": [11, 20, 5],
			"faces": {
				"north": {"uv": [5, 12, 7, 16], "texture": "#3"},
				"east": {"uv": [0, 0, 16, 16], "texture": "#3"},
				"south": {"uv": [5, 12, 7, 16], "texture": "#3"},
				"west": {"uv": [0, 0, 0.01, 1], "texture": "#3"},
				"up": {"uv": [0, 0, 1, 0.01], "texture": "#3"},
				"down": {"uv": [0, 0, 1, 0.01], "texture": "#3"}
			}
		},
		{
			"from": [9, 20, 5],
			"to": [10, 23, 5],
			"faces": {
				"north": {"uv": [8, 7, 7, 10], "texture": "#3"},
				"east": {"uv": [0, 0, 16, 16], "texture": "#3"},
				"south": {"uv": [7, 7, 8, 10], "texture": "#3"},
				"west": {"uv": [0, 0, 0.01, 1], "texture": "#3"},
				"up": {"uv": [0, 0, 1, 0.01], "texture": "#3"},
				"down": {"uv": [0, 0, 1, 0.01], "texture": "#3"}
			}
		},
		{
			"from": [8, 22, 5],
			"to": [9, 25, 5],
			"faces": {
				"north": {"uv": [7, 7, 8, 10], "texture": "#3"},
				"east": {"uv": [0, 0, 16, 16], "texture": "#3"},
				"south": {"uv": [7, 7, 8, 10], "texture": "#3"},
				"west": {"uv": [0, 0, 0.01, 1], "texture": "#3"},
				"up": {"uv": [0, 0, 1, 0.01], "texture": "#3"},
				"down": {"uv": [0, 0, 1, 0.01], "texture": "#3"}
			}
		},
		{
			"from": [7, 24, 5],
			"to": [8, 26, 5],
			"faces": {
				"north": {"uv": [8, 6, 9, 8], "texture": "#3"},
				"east": {"uv": [0, 0, 16, 16], "texture": "#3"},
				"south": {"uv": [8, 6, 9, 8], "texture": "#3"},
				"west": {"uv": [0, 0, 0.01, 1], "texture": "#3"},
				"up": {"uv": [0, 0, 1, 0.01], "texture": "#3"},
				"down": {"uv": [0, 0, 1, 0.01], "texture": "#3"}
			}
		},
		{
			"from": [6, 23, 5],
			"to": [7, 24, 5],
			"faces": {
				"north": {"uv": [9, 8, 10, 9], "texture": "#3"},
				"east": {"uv": [0, 0, 16, 16], "texture": "#3"},
				"south": {"uv": [9, 8, 10, 9], "texture": "#3"},
				"west": {"uv": [0, 0, 0.01, 1], "texture": "#3"},
				"up": {"uv": [0, 0, 1, 0.01], "texture": "#3"},
				"down": {"uv": [0, 0, 1, 0.01], "texture": "#3"}
			}
		},
		{
			"from": [5, 18, 5],
			"to": [7, 23, 5],
			"faces": {
				"north": {"uv": [9, 9, 11, 14], "texture": "#3"},
				"east": {"uv": [0, 0, 16, 16], "texture": "#3"},
				"south": {"uv": [9, 9, 11, 14], "texture": "#3"},
				"west": {"uv": [0, 0, 0.01, 1], "texture": "#3"},
				"up": {"uv": [0, 0, 1, 0.01], "texture": "#3"},
				"down": {"uv": [0, 0, 1, 0.01], "texture": "#3"}
			}
		},
		{
			"from": [5, 17, 5],
			"to": [6, 18, 5],
			"faces": {
				"north": {"uv": [10, 14, 11, 15], "texture": "#3"},
				"east": {"uv": [0, 0, 16, 16], "texture": "#3"},
				"south": {"uv": [10, 14, 11, 15], "texture": "#3"},
				"west": {"uv": [0, 0, 0.01, 1], "texture": "#3"},
				"up": {"uv": [0, 0, 1, 0.01], "texture": "#3"},
				"down": {"uv": [0, 0, 1, 0.01], "texture": "#3"}
			}
		},
		{
			"from": [6, 26, 5],
			"to": [7, 28, 5],
			"faces": {
				"north": {"uv": [9, 4, 10, 6], "texture": "#3"},
				"east": {"uv": [0, 0, 16, 16], "texture": "#3"},
				"south": {"uv": [9, 4, 10, 6], "texture": "#3"},
				"west": {"uv": [0, 0, 0.01, 1], "texture": "#3"},
				"up": {"uv": [0, 0, 1, 0.01], "texture": "#3"},
				"down": {"uv": [0, 0, 1, 0.01], "texture": "#3"}
			}
		},
		{
			"from": [5, 27, 5],
			"to": [6, 29, 5],
			"faces": {
				"north": {"uv": [11, 2, 12, 4], "texture": "#3"},
				"east": {"uv": [0, 0, 16, 16], "texture": "#3"},
				"south": {"uv": [11, 2, 12, 4], "texture": "#3"},
				"west": {"uv": [0, 0, 0.01, 1], "texture": "#3"},
				"up": {"uv": [0, 0, 1, 0.01], "texture": "#3"},
				"down": {"uv": [0, 0, 1, 0.01], "texture": "#3"}
			}
		},
		{
			"from": [4, 28, 5],
			"to": [5, 30, 5],
			"faces": {
				"north": {"uv": [12, 1, 13, 3], "texture": "#3"},
				"east": {"uv": [0, 0, 16, 16], "texture": "#3"},
				"south": {"uv": [12, 1, 13, 3], "texture": "#3"},
				"west": {"uv": [0, 0, 0.01, 1], "texture": "#3"},
				"up": {"uv": [0, 0, 1, 0.01], "texture": "#3"},
				"down": {"uv": [0, 0, 1, 0.01], "texture": "#3"}
			}
		},
		{
			"from": [11, 29, 5],
			"to": [12, 31, 5],
			"faces": {
				"north": {"uv": [4, 1, 5, 3], "texture": "#3"},
				"east": {"uv": [0, 0, 16, 16], "texture": "#3"},
				"south": {"uv": [4, 1, 5, 3], "texture": "#3"},
				"west": {"uv": [0, 0, 0, 16], "texture": "#3"},
				"up": {"uv": [0, 0, 2, 0], "texture": "#3"},
				"down": {"uv": [0, 0, 2, 0], "texture": "#3"}
			}
		},
		{
			"from": [10, 30, 5],
			"to": [11, 32, 5],
			"faces": {
				"north": {"uv": [5, 0, 6, 2], "texture": "#3"},
				"east": {"uv": [0, 0, 16, 16], "texture": "#3"},
				"south": {"uv": [5, 0, 6, 2], "texture": "#3"},
				"west": {"uv": [0, 0, 0, 16], "texture": "#3"},
				"up": {"uv": [0, 0, 2, 0], "texture": "#3"},
				"down": {"uv": [0, 0, 2, 0], "texture": "#3"}
			}
		},
		{
			"from": [12, 25, 5],
			"to": [13, 26, 5],
			"faces": {
				"north": {"uv": [2, 4, 3, 6], "texture": "#3"},
				"east": {"uv": [0, 0, 16, 16], "texture": "#3"},
				"south": {"uv": [2, 4, 3, 6], "texture": "#3"},
				"west": {"uv": [0, 0, 0, 16], "texture": "#3"},
				"up": {"uv": [0, 0, 2, 0], "texture": "#3"},
				"down": {"uv": [0, 0, 2, 0], "texture": "#3"}
			}
		},
		{
			"from": [12, 20, 5],
			"to": [13, 21, 5],
			"faces": {
				"north": {"uv": [3, 11, 4, 12], "texture": "#3"},
				"east": {"uv": [0, 0, 16, 16], "texture": "#3"},
				"south": {"uv": [3, 7, 5, 11], "texture": "#3"},
				"west": {"uv": [0, 0, 0, 16], "texture": "#3"},
				"up": {"uv": [0, 0, 2, 0], "texture": "#3"},
				"down": {"uv": [0, 0, 2, 0], "texture": "#3"}
			}
		},
		{
			"from": [11, 21, 5],
			"to": [13, 25, 5],
			"faces": {
				"north": {"uv": [3, 7, 5, 11], "texture": "#3"},
				"east": {"uv": [0, 0, 16, 16], "texture": "#3"},
				"south": {"uv": [3, 7, 5, 11], "texture": "#3"},
				"west": {"uv": [0, 0, 0, 16], "texture": "#3"},
				"up": {"uv": [0, 0, 2, 0], "texture": "#3"},
				"down": {"uv": [0, 0, 2, 0], "texture": "#3"}
			}
		},
		{
			"from": [13, 26, 5],
			"to": [14, 28, 5],
			"faces": {
				"north": {"uv": [2, 4, 3, 6], "texture": "#3"},
				"east": {"uv": [0, 0, 16, 16], "texture": "#3"},
				"south": {"uv": [2, 4, 3, 6], "texture": "#3"},
				"west": {"uv": [0, 0, 0, 16], "texture": "#3"},
				"up": {"uv": [0, 0, 2, 0], "texture": "#3"},
				"down": {"uv": [0, 0, 2, 0], "texture": "#3"}
			}
		},
		{
			"from": [14, 16, 5],
			"to": [16, 24, 5],
			"faces": {
				"north": {"uv": [0, 8, 2, 16], "texture": "#3"},
				"east": {"uv": [0, 0, 16, 16], "texture": "#3"},
				"south": {"uv": [0, 8, 2, 16], "texture": "#3"},
				"west": {"uv": [0, 0, 0, 16], "texture": "#3"},
				"up": {"uv": [0, 0, 2, 0], "texture": "#3"},
				"down": {"uv": [0, 0, 2, 0], "texture": "#3"}
			}
		},
		{
			"from": [14, 24, 5],
			"to": [15, 26, 5],
			"faces": {
				"north": {"uv": [1, 6, 2, 8], "texture": "#3"},
				"east": {"uv": [0, 0, 16, 16], "texture": "#3"},
				"south": {"uv": [1, 6, 2, 8], "texture": "#3"},
				"west": {"uv": [0, 0, 0, 16], "texture": "#3"},
				"up": {"uv": [0, 0, 2, 0], "texture": "#3"},
				"down": {"uv": [0, 0, 2, 0], "texture": "#3"}
			}
		},
		{
			"from": [3, 30, 5],
			"to": [4, 31, 5],
			"faces": {
				"north": {"uv": [13, 0, 14, 1], "texture": "#3"},
				"east": {"uv": [0, 0, 16, 16], "texture": "#3"},
				"south": {"uv": [13, 0, 14, 1], "texture": "#3"},
				"west": {"uv": [0, 0, 0.01, 1], "texture": "#3"},
				"up": {"uv": [0, 0, 1, 0.01], "texture": "#3"},
				"down": {"uv": [0, 0, 1, 0.01], "texture": "#3"}
			}
		},
		{
			"from": [10, 27, 3],
			"to": [10, 30, 4],
			"faces": {
				"north": {"uv": [0, 0, 16, 16], "texture": "#3"},
				"east": {"uv": [3, 2, 4, 5], "texture": "#3"},
				"south": {"uv": [0, 0, 0, 16], "texture": "#3"},
				"west": {"uv": [3, 2, 4, 5], "texture": "#3"},
				"up": {"uv": [0, 0, 2, 0], "rotation": 270, "texture": "#3"},
				"down": {"uv": [0, 0, 2, 0], "rotation": 90, "texture": "#3"}
			}
		},
		{
			"from": [10, 16, 5],
			"to": [10, 20, 7],
			"faces": {
				"north": {"uv": [0, 0, 16, 16], "texture": "#3"},
				"east": {"uv": [5, 12, 7, 16], "texture": "#3"},
				"south": {"uv": [0, 0, 0.01, 1], "texture": "#3"},
				"west": {"uv": [5, 12, 7, 16], "texture": "#3"},
				"up": {"uv": [0, 0, 1, 0.01], "rotation": 270, "texture": "#3"},
				"down": {"uv": [0, 0, 1, 0.01], "rotation": 90, "texture": "#3"}
			}
		},
		{
			"from": [10, 20, 6],
			"to": [10, 23, 7],
			"faces": {
				"north": {"uv": [0, 0, 16, 16], "texture": "#3"},
				"east": {"uv": [7, 7, 8, 10], "texture": "#3"},
				"south": {"uv": [0, 0, 0.01, 1], "texture": "#3"},
				"west": {"uv": [8, 7, 7, 10], "texture": "#3"},
				"up": {"uv": [0, 0, 1, 0.01], "rotation": 270, "texture": "#3"},
				"down": {"uv": [0, 0, 1, 0.01], "rotation": 90, "texture": "#3"}
			}
		},
		{
			"from": [10, 22, 7],
			"to": [10, 25, 8],
			"faces": {
				"north": {"uv": [0, 0, 16, 16], "texture": "#3"},
				"east": {"uv": [7, 7, 8, 10], "texture": "#3"},
				"south": {"uv": [0, 0, 0.01, 1], "texture": "#3"},
				"west": {"uv": [7, 7, 8, 10], "texture": "#3"},
				"up": {"uv": [0, 0, 1, 0.01], "rotation": 270, "texture": "#3"},
				"down": {"uv": [0, 0, 1, 0.01], "rotation": 90, "texture": "#3"}
			}
		},
		{
			"from": [10, 24, 8],
			"to": [10, 26, 9],
			"faces": {
				"north": {"uv": [0, 0, 16, 16], "texture": "#3"},
				"east": {"uv": [8, 6, 9, 8], "texture": "#3"},
				"south": {"uv": [0, 0, 0.01, 1], "texture": "#3"},
				"west": {"uv": [8, 6, 9, 8], "texture": "#3"},
				"up": {"uv": [0, 0, 1, 0.01], "rotation": 270, "texture": "#3"},
				"down": {"uv": [0, 0, 1, 0.01], "rotation": 90, "texture": "#3"}
			}
		},
		{
			"from": [10, 23, 9],
			"to": [10, 24, 10],
			"faces": {
				"north": {"uv": [0, 0, 16, 16], "texture": "#3"},
				"east": {"uv": [9, 8, 10, 9], "texture": "#3"},
				"south": {"uv": [0, 0, 0.01, 1], "texture": "#3"},
				"west": {"uv": [9, 8, 10, 9], "texture": "#3"},
				"up": {"uv": [0, 0, 1, 0.01], "rotation": 270, "texture": "#3"},
				"down": {"uv": [0, 0, 1, 0.01], "rotation": 90, "texture": "#3"}
			}
		},
		{
			"from": [10, 18, 9],
			"to": [10, 23, 11],
			"faces": {
				"north": {"uv": [0, 0, 16, 16], "texture": "#3"},
				"east": {"uv": [9, 9, 11, 14], "texture": "#3"},
				"south": {"uv": [0, 0, 0.01, 1], "texture": "#3"},
				"west": {"uv": [9, 9, 11, 14], "texture": "#3"},
				"up": {"uv": [0, 0, 1, 0.01], "rotation": 270, "texture": "#3"},
				"down": {"uv": [0, 0, 1, 0.01], "rotation": 90, "texture": "#3"}
			}
		},
		{
			"from": [10, 17, 10],
			"to": [10, 18, 11],
			"faces": {
				"north": {"uv": [0, 0, 16, 16], "texture": "#3"},
				"east": {"uv": [10, 14, 11, 15], "texture": "#3"},
				"south": {"uv": [0, 0, 0.01, 1], "texture": "#3"},
				"west": {"uv": [10, 14, 11, 15], "texture": "#3"},
				"up": {"uv": [0, 0, 1, 0.01], "rotation": 270, "texture": "#3"},
				"down": {"uv": [0, 0, 1, 0.01], "rotation": 90, "texture": "#3"}
			}
		},
		{
			"from": [10, 26, 9],
			"to": [10, 28, 10],
			"faces": {
				"north": {"uv": [0, 0, 16, 16], "texture": "#3"},
				"east": {"uv": [9, 4, 10, 6], "texture": "#3"},
				"south": {"uv": [0, 0, 0.01, 1], "texture": "#3"},
				"west": {"uv": [9, 4, 10, 6], "texture": "#3"},
				"up": {"uv": [0, 0, 1, 0.01], "rotation": 270, "texture": "#3"},
				"down": {"uv": [0, 0, 1, 0.01], "rotation": 90, "texture": "#3"}
			}
		},
		{
			"from": [10, 27, 10],
			"to": [10, 29, 11],
			"faces": {
				"north": {"uv": [0, 0, 16, 16], "texture": "#3"},
				"east": {"uv": [11, 2, 12, 4], "texture": "#3"},
				"south": {"uv": [0, 0, 0.01, 1], "texture": "#3"},
				"west": {"uv": [11, 2, 12, 4], "texture": "#3"},
				"up": {"uv": [0, 0, 1, 0.01], "rotation": 270, "texture": "#3"},
				"down": {"uv": [0, 0, 1, 0.01], "rotation": 90, "texture": "#3"}
			}
		},
		{
			"from": [10, 28, 11],
			"to": [10, 30, 12],
			"faces": {
				"north": {"uv": [0, 0, 16, 16], "texture": "#3"},
				"east": {"uv": [12, 1, 13, 3], "texture": "#3"},
				"south": {"uv": [0, 0, 0.01, 1], "texture": "#3"},
				"west": {"uv": [12, 1, 13, 3], "texture": "#3"},
				"up": {"uv": [0, 0, 1, 0.01], "rotation": 270, "texture": "#3"},
				"down": {"uv": [0, 0, 1, 0.01], "rotation": 90, "texture": "#3"}
			}
		},
		{
			"from": [10, 29, 4],
			"to": [10, 31, 5],
			"faces": {
				"north": {"uv": [0, 0, 16, 16], "texture": "#3"},
				"east": {"uv": [4, 1, 5, 3], "texture": "#3"},
				"south": {"uv": [0, 0, 0, 16], "texture": "#3"},
				"west": {"uv": [4, 1, 5, 3], "texture": "#3"},
				"up": {"uv": [0, 0, 2, 0], "rotation": 270, "texture": "#3"},
				"down": {"uv": [0, 0, 2, 0], "rotation": 90, "texture": "#3"}
			}
		},
		{
			"from": [10, 30, 5],
			"to": [10, 32, 6],
			"faces": {
				"north": {"uv": [0, 0, 16, 16], "texture": "#3"},
				"east": {"uv": [5, 0, 6, 2], "texture": "#3"},
				"south": {"uv": [0, 0, 0, 16], "texture": "#3"},
				"west": {"uv": [5, 0, 6, 2], "texture": "#3"},
				"up": {"uv": [0, 0, 2, 0], "rotation": 270, "texture": "#3"},
				"down": {"uv": [0, 0, 2, 0], "rotation": 90, "texture": "#3"}
			}
		},
		{
			"from": [10, 25, 3],
			"to": [10, 26, 4],
			"faces": {
				"north": {"uv": [0, 0, 16, 16], "texture": "#3"},
				"east": {"uv": [2, 4, 3, 6], "texture": "#3"},
				"south": {"uv": [0, 0, 0, 16], "texture": "#3"},
				"west": {"uv": [2, 4, 3, 6], "texture": "#3"},
				"up": {"uv": [0, 0, 2, 0], "rotation": 270, "texture": "#3"},
				"down": {"uv": [0, 0, 2, 0], "rotation": 90, "texture": "#3"}
			}
		},
		{
			"from": [10, 20, 3],
			"to": [10, 21, 4],
			"faces": {
				"north": {"uv": [0, 0, 16, 16], "texture": "#3"},
				"east": {"uv": [3, 7, 5, 11], "texture": "#3"},
				"south": {"uv": [0, 0, 0, 16], "texture": "#3"},
				"west": {"uv": [3, 11, 4, 12], "texture": "#3"},
				"up": {"uv": [0, 0, 2, 0], "rotation": 270, "texture": "#3"},
				"down": {"uv": [0, 0, 2, 0], "rotation": 90, "texture": "#3"}
			}
		},
		{
			"from": [10, 21, 3],
			"to": [10, 25, 5],
			"faces": {
				"north": {"uv": [0, 0, 16, 16], "texture": "#3"},
				"east": {"uv": [3, 7, 5, 11], "texture": "#3"},
				"south": {"uv": [0, 0, 0, 16], "texture": "#3"},
				"west": {"uv": [3, 7, 5, 11], "texture": "#3"},
				"up": {"uv": [0, 0, 2, 0], "rotation": 270, "texture": "#3"},
				"down": {"uv": [0, 0, 2, 0], "rotation": 90, "texture": "#3"}
			}
		},
		{
			"from": [10, 26, 2],
			"to": [10, 28, 3],
			"faces": {
				"north": {"uv": [0, 0, 16, 16], "texture": "#3"},
				"east": {"uv": [2, 4, 3, 6], "texture": "#3"},
				"south": {"uv": [0, 0, 0, 16], "texture": "#3"},
				"west": {"uv": [2, 4, 3, 6], "texture": "#3"},
				"up": {"uv": [0, 0, 2, 0], "rotation": 270, "texture": "#3"},
				"down": {"uv": [0, 0, 2, 0], "rotation": 90, "texture": "#3"}
			}
		},
		{
			"from": [10, 16, 0],
			"to": [10, 24, 2],
			"faces": {
				"north": {"uv": [0, 0, 16, 16], "texture": "#3"},
				"east": {"uv": [0, 8, 2, 16], "texture": "#3"},
				"south": {"uv": [0, 0, 0, 16], "texture": "#3"},
				"west": {"uv": [0, 8, 2, 16], "texture": "#3"},
				"up": {"uv": [0, 0, 2, 0], "rotation": 270, "texture": "#3"},
				"down": {"uv": [0, 0, 2, 0], "rotation": 90, "texture": "#3"}
			}
		},
		{
			"from": [10, 24, 1],
			"to": [10, 26, 2],
			"faces": {
				"north": {"uv": [0, 0, 16, 16], "texture": "#3"},
				"east": {"uv": [1, 6, 2, 8], "texture": "#3"},
				"south": {"uv": [0, 0, 0, 16], "texture": "#3"},
				"west": {"uv": [1, 6, 2, 8], "texture": "#3"},
				"up": {"uv": [0, 0, 2, 0], "rotation": 270, "texture": "#3"},
				"down": {"uv": [0, 0, 2, 0], "rotation": 90, "texture": "#3"}
			}
		},
		{
			"from": [10, 30, 12],
			"to": [10, 31, 13],
			"faces": {
				"north": {"uv": [0, 0, 16, 16], "texture": "#3"},
				"east": {"uv": [13, 0, 14, 1], "texture": "#3"},
				"south": {"uv": [0, 0, 0.01, 1], "texture": "#3"},
				"west": {"uv": [13, 0, 14, 1], "texture": "#3"},
				"up": {"uv": [0, 0, 1, 0.01], "rotation": 270, "texture": "#3"},
				"down": {"uv": [0, 0, 1, 0.01], "rotation": 90, "texture": "#3"}
			}
		},
		{
			"from": [7, 2, 5],
			"to": [8, 3, 5],
			"faces": {
				"north": {"uv": [8, 13, 9, 14], "texture": "#1"},
				"east": {"uv": [0, 0, 16, 16], "texture": "#1"},
				"south": {"uv": [8, 13, 9, 14], "texture": "#1"},
				"west": {"uv": [0, 0, 0, 3], "texture": "#1"},
				"up": {"uv": [0, 0, 1, 0], "texture": "#1"},
				"down": {"uv": [0, 0, 1, 0], "texture": "#1"}
			}
		},
		{
			"from": [6, 3, 5],
			"to": [7, 4, 5],
			"faces": {
				"north": {"uv": [9, 12, 10, 13], "texture": "#1"},
				"east": {"uv": [0, 0, 16, 16], "texture": "#1"},
				"south": {"uv": [9, 12, 10, 13], "texture": "#1"},
				"west": {"uv": [0, 0, 0, 3], "texture": "#1"},
				"up": {"uv": [0, 0, 1, 0], "texture": "#1"},
				"down": {"uv": [0, 0, 1, 0], "texture": "#1"}
			}
		},
		{
			"from": [4, 4, 5],
			"to": [6, 5, 5],
			"faces": {
				"north": {"uv": [10, 11, 12, 12], "texture": "#1"},
				"east": {"uv": [0, 0, 16, 16], "texture": "#1"},
				"south": {"uv": [10, 11, 12, 12], "texture": "#1"},
				"west": {"uv": [0, 0, 0, 3], "texture": "#1"},
				"up": {"uv": [0, 0, 1, 0], "texture": "#1"},
				"down": {"uv": [0, 0, 1, 0], "texture": "#1"}
			}
		},
		{
			"from": [4, 5, 5],
			"to": [5, 8, 5],
			"faces": {
				"north": {"uv": [12, 8, 11, 11], "texture": "#1"},
				"east": {"uv": [0, 0, 16, 16], "texture": "#1"},
				"south": {"uv": [11, 8, 12, 11], "texture": "#1"},
				"west": {"uv": [0, 0, 0, 3], "texture": "#1"},
				"up": {"uv": [0, 0, 1, 0], "texture": "#1"},
				"down": {"uv": [0, 0, 1, 0], "texture": "#1"}
			}
		},
		{
			"from": [3, 7, 5],
			"to": [4, 10, 5],
			"faces": {
				"north": {"uv": [13, 6, 12, 9], "texture": "#1"},
				"east": {"uv": [0, 0, 16, 16], "texture": "#1"},
				"south": {"uv": [12, 6, 13, 9], "texture": "#1"},
				"west": {"uv": [0, 0, 0, 3], "texture": "#1"},
				"up": {"uv": [0, 0, 1, 0], "texture": "#1"},
				"down": {"uv": [0, 0, 1, 0], "texture": "#1"}
			}
		},
		{
			"from": [1, 11, 5],
			"to": [2, 14, 5],
			"faces": {
				"north": {"uv": [15, 2, 14, 5], "texture": "#1"},
				"east": {"uv": [0, 0, 16, 16], "texture": "#1"},
				"south": {"uv": [14, 2, 15, 5], "texture": "#1"},
				"west": {"uv": [0, 0, 0, 3], "texture": "#1"},
				"up": {"uv": [0, 0, 1, 0], "texture": "#1"},
				"down": {"uv": [0, 0, 1, 0], "texture": "#1"}
			}
		},
		{
			"from": [2, 8, 5],
			"to": [3, 12, 5],
			"faces": {
				"north": {"uv": [14, 4, 13, 8], "texture": "#1"},
				"east": {"uv": [0, 0, 16, 16], "texture": "#1"},
				"south": {"uv": [14, 4, 13, 8], "texture": "#1"},
				"west": {"uv": [0, 0, 0, 3], "texture": "#1"},
				"up": {"uv": [0, 0, 1, 0], "texture": "#1"},
				"down": {"uv": [0, 0, 1, 0], "texture": "#1"}
			}
		},
		{
			"from": [7, 5, 5],
			"to": [8, 6, 5],
			"faces": {
				"north": {"uv": [8, 10, 9, 11], "texture": "#1"},
				"east": {"uv": [0, 0, 16, 16], "texture": "#1"},
				"south": {"uv": [8, 10, 9, 11], "texture": "#1"},
				"west": {"uv": [0, 0, 0, 3], "texture": "#1"},
				"up": {"uv": [0, 0, 1, 0], "texture": "#1"},
				"down": {"uv": [0, 0, 1, 0], "texture": "#1"}
			}
		},
		{
			"from": [6, 6, 5],
			"to": [7, 11, 5],
			"faces": {
				"north": {"uv": [9, 5, 10, 10], "texture": "#1"},
				"east": {"uv": [0, 0, 16, 16], "texture": "#1"},
				"south": {"uv": [9, 5, 10, 10], "texture": "#1"},
				"west": {"uv": [0, 0, 0, 3], "texture": "#1"},
				"up": {"uv": [0, 0, 1, 0], "texture": "#1"},
				"down": {"uv": [0, 0, 1, 0], "texture": "#1"}
			}
		},
		{
			"from": [5, 10, 5],
			"to": [6, 13, 5],
			"faces": {
				"north": {"uv": [10, 3, 11, 6], "texture": "#1"},
				"east": {"uv": [0, 0, 16, 16], "texture": "#1"},
				"south": {"uv": [10, 3, 11, 6], "texture": "#1"},
				"west": {"uv": [0, 0, 0, 3], "texture": "#1"},
				"up": {"uv": [0, 0, 1, 0], "texture": "#1"},
				"down": {"uv": [0, 0, 1, 0], "texture": "#1"}
			}
		},
		{
			"from": [4, 12, 5],
			"to": [5, 15, 5],
			"faces": {
				"north": {"uv": [11, 1, 12, 4], "texture": "#1"},
				"east": {"uv": [0, 0, 16, 16], "texture": "#1"},
				"south": {"uv": [11, 1, 12, 4], "texture": "#1"},
				"west": {"uv": [0, 0, 0, 3], "texture": "#1"},
				"up": {"uv": [0, 0, 1, 0], "texture": "#1"},
				"down": {"uv": [0, 0, 1, 0], "texture": "#1"}
			}
		},
		{
			"from": [3, 14, 5],
			"to": [4, 16, 5],
			"faces": {
				"north": {"uv": [12, 0, 13, 2], "texture": "#1"},
				"east": {"uv": [0, 0, 16, 16], "texture": "#1"},
				"south": {"uv": [12, 0, 13, 2], "texture": "#1"},
				"west": {"uv": [0, 0, 0, 3], "texture": "#1"},
				"up": {"uv": [0, 0, 1, 0], "texture": "#1"},
				"down": {"uv": [0, 0, 1, 0], "texture": "#1"}
			}
		},
		{
			"from": [2, 15, 5],
			"to": [3, 16, 5],
			"faces": {
				"north": {"uv": [13, 0, 14, 1], "texture": "#1"},
				"east": {"uv": [0, 0, 16, 16], "texture": "#1"},
				"south": {"uv": [13, 0, 14, 1], "texture": "#1"},
				"west": {"uv": [0, 0, 0, 3], "texture": "#1"},
				"up": {"uv": [0, 0, 1, 0], "texture": "#1"},
				"down": {"uv": [0, 0, 1, 0], "texture": "#1"}
			}
		},
		{
			"from": [12, 3, 5],
			"to": [13, 5, 5],
			"faces": {
				"north": {"uv": [3, 11, 4, 13], "texture": "#1"},
				"east": {"uv": [0, 0, 16, 16], "texture": "#1"},
				"south": {"uv": [3, 11, 4, 13], "texture": "#1"},
				"west": {"uv": [0, 0, 0, 2], "texture": "#1"},
				"up": {"uv": [0, 0, 1, 0], "texture": "#1"},
				"down": {"uv": [0, 0, 1, 0], "texture": "#1"}
			}
		},
		{
			"from": [11, 1, 5],
			"to": [12, 3, 5],
			"faces": {
				"north": {"uv": [4, 13, 5, 15], "texture": "#3"},
				"east": {"uv": [0, 0, 16, 16], "texture": "#1"},
				"south": {"uv": [4, 13, 5, 15], "texture": "#1"},
				"west": {"uv": [0, 0, 0, 2], "texture": "#1"},
				"up": {"uv": [0, 0, 1, 0], "texture": "#1"},
				"down": {"uv": [0, 0, 1, 0], "texture": "#1"}
			}
		},
		{
			"from": [10, 0, 2],
			"to": [10, 4, 3],
			"faces": {
				"north": {"uv": [0, 0, 16, 16], "texture": "#1"},
				"east": {"uv": [2, 13, 3, 16], "texture": "#1"},
				"south": {"uv": [0, 0, 0, 3], "texture": "#1"},
				"west": {"uv": [2, 12, 3, 16], "texture": "#1"},
				"up": {"uv": [0, 0, 1, 0], "rotation": 270, "texture": "#1"},
				"down": {"uv": [0, 0, 1, 0], "rotation": 90, "texture": "#1"}
			}
		},
		{
			"from": [10, 5, 2],
			"to": [10, 8, 3],
			"faces": {
				"north": {"uv": [0, 0, 16, 16], "texture": "#1"},
				"east": {"uv": [2, 8, 3, 11], "texture": "#1"},
				"south": {"uv": [0, 0, 0, 3], "texture": "#1"},
				"west": {"uv": [2, 8, 3, 11], "texture": "#1"},
				"up": {"uv": [0, 0, 1, 0], "rotation": 270, "texture": "#1"},
				"down": {"uv": [0, 0, 1, 0], "rotation": 90, "texture": "#1"}
			}
		},
		{
			"from": [10, 3, 3],
			"to": [10, 5, 4],
			"faces": {
				"north": {"uv": [0, 0, 16, 16], "texture": "#1"},
				"east": {"uv": [3, 11, 4, 13], "texture": "#1"},
				"south": {"uv": [0, 0, 0, 2], "texture": "#1"},
				"west": {"uv": [3, 11, 4, 13], "texture": "#1"},
				"up": {"uv": [0, 0, 1, 0], "rotation": 270, "texture": "#1"},
				"down": {"uv": [0, 0, 1, 0], "rotation": 90, "texture": "#1"}
			}
		},
		{
			"from": [10, 1, 4],
			"to": [10, 3, 5],
			"faces": {
				"north": {"uv": [0, 0, 16, 16], "texture": "#1"},
				"east": {"uv": [4, 13, 5, 15], "texture": "#1"},
				"south": {"uv": [0, 0, 0, 2], "texture": "#1"},
				"west": {"uv": [4, 13, 5, 15], "texture": "#3"},
				"up": {"uv": [0, 0, 1, 0], "rotation": 270, "texture": "#1"},
				"down": {"uv": [0, 0, 1, 0], "rotation": 90, "texture": "#1"}
			}
		},
		{
			"from": [10, 5, 4],
			"to": [10, 11, 5],
			"faces": {
				"north": {"uv": [0, 0, 16, 16], "texture": "#1"},
				"east": {"uv": [4, 5, 5, 11], "texture": "#1"},
				"south": {"uv": [0, 0, 0, 3], "texture": "#1"},
				"west": {"uv": [4, 5, 5, 11], "texture": "#1"},
				"up": {"uv": [0, 0, 1, 0], "rotation": 270, "texture": "#1"},
				"down": {"uv": [0, 0, 1, 0], "rotation": 90, "texture": "#1"}
			}
		},
		{
			"from": [10, 0, 7],
			"to": [10, 5, 8],
			"faces": {
				"north": {"uv": [0, 0, 16, 16], "texture": "#1"},
				"east": {"uv": [7, 11, 8, 16], "texture": "#1"},
				"south": {"uv": [0, 0, 0, 3], "texture": "#1"},
				"west": {"uv": [7, 11, 8, 16], "texture": "#1"},
				"up": {"uv": [0, 0, 1, 0], "rotation": 270, "texture": "#1"},
				"down": {"uv": [0, 0, 1, 0], "rotation": 90, "texture": "#1"}
			}
		},
		{
			"from": [10, 5, 8],
			"to": [10, 6, 9],
			"faces": {
				"north": {"uv": [0, 0, 16, 16], "texture": "#1"},
				"east": {"uv": [8, 10, 9, 11], "texture": "#1"},
				"south": {"uv": [0, 0, 0, 3], "texture": "#1"},
				"west": {"uv": [8, 10, 9, 11], "texture": "#1"},
				"up": {"uv": [0, 0, 1, 0], "rotation": 270, "texture": "#1"},
				"down": {"uv": [0, 0, 1, 0], "rotation": 90, "texture": "#1"}
			}
		},
		{
			"from": [10, 6, 9],
			"to": [10, 11, 10],
			"faces": {
				"north": {"uv": [0, 0, 16, 16], "texture": "#1"},
				"east": {"uv": [9, 5, 10, 10], "texture": "#1"},
				"south": {"uv": [0, 0, 0, 3], "texture": "#1"},
				"west": {"uv": [9, 5, 10, 10], "texture": "#1"},
				"up": {"uv": [0, 0, 1, 0], "rotation": 270, "texture": "#1"},
				"down": {"uv": [0, 0, 1, 0], "rotation": 90, "texture": "#1"}
			}
		},
		{
			"from": [10, 10, 10],
			"to": [10, 13, 11],
			"faces": {
				"north": {"uv": [0, 0, 16, 16], "texture": "#1"},
				"east": {"uv": [10, 3, 11, 6], "texture": "#1"},
				"south": {"uv": [0, 0, 0, 3], "texture": "#1"},
				"west": {"uv": [10, 3, 11, 6], "texture": "#1"},
				"up": {"uv": [0, 0, 1, 0], "rotation": 270, "texture": "#1"},
				"down": {"uv": [0, 0, 1, 0], "rotation": 90, "texture": "#1"}
			}
		},
		{
			"from": [10, 12, 11],
			"to": [10, 15, 12],
			"faces": {
				"north": {"uv": [0, 0, 16, 16], "texture": "#1"},
				"east": {"uv": [11, 1, 12, 4], "texture": "#1"},
				"south": {"uv": [0, 0, 0, 3], "texture": "#1"},
				"west": {"uv": [11, 1, 12, 4], "texture": "#1"},
				"up": {"uv": [0, 0, 1, 0], "rotation": 270, "texture": "#1"},
				"down": {"uv": [0, 0, 1, 0], "rotation": 90, "texture": "#1"}
			}
		},
		{
			"from": [10, 14, 12],
			"to": [10, 16, 13],
			"faces": {
				"north": {"uv": [0, 0, 16, 16], "texture": "#1"},
				"east": {"uv": [12, 0, 13, 2], "texture": "#1"},
				"south": {"uv": [0, 0, 0, 3], "texture": "#1"},
				"west": {"uv": [12, 0, 13, 2], "texture": "#1"},
				"up": {"uv": [0, 0, 1, 0], "rotation": 270, "texture": "#1"},
				"down": {"uv": [0, 0, 1, 0], "rotation": 90, "texture": "#1"}
			}
		},
		{
			"from": [10, 15, 13],
			"to": [10, 16, 14],
			"faces": {
				"north": {"uv": [0, 0, 16, 16], "texture": "#1"},
				"east": {"uv": [13, 0, 14, 1], "texture": "#1"},
				"south": {"uv": [0, 0, 0, 3], "texture": "#1"},
				"west": {"uv": [13, 0, 14, 1], "texture": "#1"},
				"up": {"uv": [0, 0, 1, 0], "rotation": 270, "texture": "#1"},
				"down": {"uv": [0, 0, 1, 0], "rotation": 90, "texture": "#1"}
			}
		},
		{
			"from": [10, 2, 8],
			"to": [10, 3, 9],
			"faces": {
				"north": {"uv": [0, 0, 16, 16], "texture": "#1"},
				"east": {"uv": [8, 13, 9, 14], "texture": "#1"},
				"south": {"uv": [0, 0, 0, 3], "texture": "#1"},
				"west": {"uv": [8, 13, 9, 14], "texture": "#1"},
				"up": {"uv": [0, 0, 1, 0], "rotation": 270, "texture": "#1"},
				"down": {"uv": [0, 0, 1, 0], "rotation": 90, "texture": "#1"}
			}
		},
		{
			"from": [10, 3, 9],
			"to": [10, 4, 10],
			"faces": {
				"north": {"uv": [0, 0, 16, 16], "texture": "#1"},
				"east": {"uv": [9, 12, 10, 13], "texture": "#1"},
				"south": {"uv": [0, 0, 0, 3], "texture": "#1"},
				"west": {"uv": [9, 12, 10, 13], "texture": "#1"},
				"up": {"uv": [0, 0, 1, 0], "rotation": 270, "texture": "#1"},
				"down": {"uv": [0, 0, 1, 0], "rotation": 90, "texture": "#1"}
			}
		},
		{
			"from": [10, 4, 10],
			"to": [10, 5, 12],
			"faces": {
				"north": {"uv": [0, 0, 16, 16], "texture": "#1"},
				"east": {"uv": [10, 11, 12, 12], "texture": "#1"},
				"south": {"uv": [0, 0, 0, 3], "texture": "#1"},
				"west": {"uv": [10, 11, 12, 12], "texture": "#1"},
				"up": {"uv": [0, 0, 1, 0], "rotation": 270, "texture": "#1"},
				"down": {"uv": [0, 0, 1, 0], "rotation": 90, "texture": "#1"}
			}
		},
		{
			"from": [10, 5, 11],
			"to": [10, 8, 12],
			"faces": {
				"north": {"uv": [0, 0, 16, 16], "texture": "#1"},
				"east": {"uv": [11, 8, 12, 11], "texture": "#1"},
				"south": {"uv": [0, 0, 0, 3], "texture": "#1"},
				"west": {"uv": [12, 8, 11, 11], "texture": "#1"},
				"up": {"uv": [0, 0, 1, 0], "rotation": 270, "texture": "#1"},
				"down": {"uv": [0, 0, 1, 0], "rotation": 90, "texture": "#1"}
			}
		},
		{
			"from": [10, 7, 12],
			"to": [10, 10, 13],
			"faces": {
				"north": {"uv": [0, 0, 16, 16], "texture": "#1"},
				"east": {"uv": [12, 6, 13, 9], "texture": "#1"},
				"south": {"uv": [0, 0, 0, 3], "texture": "#1"},
				"west": {"uv": [13, 6, 12, 9], "texture": "#1"},
				"up": {"uv": [0, 0, 1, 0], "rotation": 270, "texture": "#1"},
				"down": {"uv": [0, 0, 1, 0], "rotation": 90, "texture": "#1"}
			}
		},
		{
			"from": [10, 8, 13],
			"to": [10, 12, 14],
			"faces": {
				"north": {"uv": [0, 0, 16, 16], "texture": "#1"},
				"east": {"uv": [14, 4, 13, 8], "texture": "#1"},
				"south": {"uv": [0, 0, 0, 3], "texture": "#1"},
				"west": {"uv": [14, 4, 13, 8], "texture": "#1"},
				"up": {"uv": [0, 0, 1, 0], "rotation": 270, "texture": "#1"},
				"down": {"uv": [0, 0, 1, 0], "rotation": 90, "texture": "#1"}
			}
		},
		{
			"from": [10, 11, 14],
			"to": [10, 14, 15],
			"faces": {
				"north": {"uv": [0, 0, 16, 16], "texture": "#1"},
				"east": {"uv": [14, 2, 15, 5], "texture": "#1"},
				"south": {"uv": [0, 0, 0, 3], "texture": "#1"},
				"west": {"uv": [15, 2, 14, 5], "texture": "#1"},
				"up": {"uv": [0, 0, 1, 0], "rotation": 270, "texture": "#1"},
				"down": {"uv": [0, 0, 1, 0], "rotation": 90, "texture": "#1"}
			}
		},
		{
			"from": [12, 27, 5],
			"to": [13, 30, 5],
			"faces": {
				"north": {"uv": [3, 2, 4, 5], "texture": "#3"},
				"east": {"uv": [0, 0, 16, 16], "texture": "#3"},
				"south": {"uv": [3, 2, 4, 5], "texture": "#3"},
				"west": {"uv": [0, 0, 0, 16], "texture": "#3"},
				"up": {"uv": [0, 0, 2, 0], "texture": "#3"},
				"down": {"uv": [0, 0, 2, 0], "texture": "#3"}
			}
		},
		{
			"from": [9, 16, 5],
			"to": [11, 20, 5],
			"faces": {
				"north": {"uv": [5, 12, 7, 16], "texture": "#3"},
				"east": {"uv": [0, 0, 16, 16], "texture": "#3"},
				"south": {"uv": [5, 12, 7, 16], "texture": "#3"},
				"west": {"uv": [0, 0, 0.01, 1], "texture": "#3"},
				"up": {"uv": [0, 0, 1, 0.01], "texture": "#3"},
				"down": {"uv": [0, 0, 1, 0.01], "texture": "#3"}
			}
		},
		{
			"from": [9, 20, 5],
			"to": [10, 23, 5],
			"faces": {
				"north": {"uv": [8, 7, 7, 10], "texture": "#3"},
				"east": {"uv": [0, 0, 16, 16], "texture": "#3"},
				"south": {"uv": [7, 7, 8, 10], "texture": "#3"},
				"west": {"uv": [0, 0, 0.01, 1], "texture": "#3"},
				"up": {"uv": [0, 0, 1, 0.01], "texture": "#3"},
				"down": {"uv": [0, 0, 1, 0.01], "texture": "#3"}
			}
		},
		{
			"from": [8, 22, 5],
			"to": [9, 25, 5],
			"faces": {
				"north": {"uv": [7, 7, 8, 10], "texture": "#3"},
				"east": {"uv": [0, 0, 16, 16], "texture": "#3"},
				"south": {"uv": [7, 7, 8, 10], "texture": "#3"},
				"west": {"uv": [0, 0, 0.01, 1], "texture": "#3"},
				"up": {"uv": [0, 0, 1, 0.01], "texture": "#3"},
				"down": {"uv": [0, 0, 1, 0.01], "texture": "#3"}
			}
		},
		{
			"from": [7, 24, 5],
			"to": [8, 26, 5],
			"faces": {
				"north": {"uv": [8, 6, 9, 8], "texture": "#3"},
				"east": {"uv": [0, 0, 16, 16], "texture": "#3"},
				"south": {"uv": [8, 6, 9, 8], "texture": "#3"},
				"west": {"uv": [0, 0, 0.01, 1], "texture": "#3"},
				"up": {"uv": [0, 0, 1, 0.01], "texture": "#3"},
				"down": {"uv": [0, 0, 1, 0.01], "texture": "#3"}
			}
		},
		{
			"from": [6, 23, 5],
			"to": [7, 24, 5],
			"faces": {
				"north": {"uv": [9, 8, 10, 9], "texture": "#3"},
				"east": {"uv": [0, 0, 16, 16], "texture": "#3"},
				"south": {"uv": [9, 8, 10, 9], "texture": "#3"},
				"west": {"uv": [0, 0, 0.01, 1], "texture": "#3"},
				"up": {"uv": [0, 0, 1, 0.01], "texture": "#3"},
				"down": {"uv": [0, 0, 1, 0.01], "texture": "#3"}
			}
		},
		{
			"from": [5, 18, 5],
			"to": [7, 23, 5],
			"faces": {
				"north": {"uv": [9, 9, 11, 14], "texture": "#3"},
				"east": {"uv": [0, 0, 16, 16], "texture": "#3"},
				"south": {"uv": [9, 9, 11, 14], "texture": "#3"},
				"west": {"uv": [0, 0, 0.01, 1], "texture": "#3"},
				"up": {"uv": [0, 0, 1, 0.01], "texture": "#3"},
				"down": {"uv": [0, 0, 1, 0.01], "texture": "#3"}
			}
		},
		{
			"from": [5, 17, 5],
			"to": [6, 18, 5],
			"faces": {
				"north": {"uv": [10, 14, 11, 15], "texture": "#3"},
				"east": {"uv": [0, 0, 16, 16], "texture": "#3"},
				"south": {"uv": [10, 14, 11, 15], "texture": "#3"},
				"west": {"uv": [0, 0, 0.01, 1], "texture": "#3"},
				"up": {"uv": [0, 0, 1, 0.01], "texture": "#3"},
				"down": {"uv": [0, 0, 1, 0.01], "texture": "#3"}
			}
		},
		{
			"from": [6, 26, 5],
			"to": [7, 28, 5],
			"faces": {
				"north": {"uv": [9, 4, 10, 6], "texture": "#3"},
				"east": {"uv": [0, 0, 16, 16], "texture": "#3"},
				"south": {"uv": [9, 4, 10, 6], "texture": "#3"},
				"west": {"uv": [0, 0, 0.01, 1], "texture": "#3"},
				"up": {"uv": [0, 0, 1, 0.01], "texture": "#3"},
				"down": {"uv": [0, 0, 1, 0.01], "texture": "#3"}
			}
		},
		{
			"from": [5, 27, 5],
			"to": [6, 29, 5],
			"faces": {
				"north": {"uv": [11, 2, 12, 4], "texture": "#3"},
				"east": {"uv": [0, 0, 16, 16], "texture": "#3"},
				"south": {"uv": [11, 2, 12, 4], "texture": "#3"},
				"west": {"uv": [0, 0, 0.01, 1], "texture": "#3"},
				"up": {"uv": [0, 0, 1, 0.01], "texture": "#3"},
				"down": {"uv": [0, 0, 1, 0.01], "texture": "#3"}
			}
		},
		{
			"from": [4, 28, 5],
			"to": [5, 30, 5],
			"faces": {
				"north": {"uv": [12, 1, 13, 3], "texture": "#3"},
				"east": {"uv": [0, 0, 16, 16], "texture": "#3"},
				"south": {"uv": [12, 1, 13, 3], "texture": "#3"},
				"west": {"uv": [0, 0, 0.01, 1], "texture": "#3"},
				"up": {"uv": [0, 0, 1, 0.01], "texture": "#3"},
				"down": {"uv": [0, 0, 1, 0.01], "texture": "#3"}
			}
		},
		{
			"from": [11, 29, 5],
			"to": [12, 31, 5],
			"faces": {
				"north": {"uv": [4, 1, 5, 3], "texture": "#3"},
				"east": {"uv": [0, 0, 16, 16], "texture": "#3"},
				"south": {"uv": [4, 1, 5, 3], "texture": "#3"},
				"west": {"uv": [0, 0, 0, 16], "texture": "#3"},
				"up": {"uv": [0, 0, 2, 0], "texture": "#3"},
				"down": {"uv": [0, 0, 2, 0], "texture": "#3"}
			}
		},
		{
			"from": [10, 30, 5],
			"to": [11, 32, 5],
			"faces": {
				"north": {"uv": [5, 0, 6, 2], "texture": "#3"},
				"east": {"uv": [0, 0, 16, 16], "texture": "#3"},
				"south": {"uv": [5, 0, 6, 2], "texture": "#3"},
				"west": {"uv": [0, 0, 0, 16], "texture": "#3"},
				"up": {"uv": [0, 0, 2, 0], "texture": "#3"},
				"down": {"uv": [0, 0, 2, 0], "texture": "#3"}
			}
		},
		{
			"from": [12, 25, 5],
			"to": [13, 26, 5],
			"faces": {
				"north": {"uv": [2, 4, 3, 6], "texture": "#3"},
				"east": {"uv": [0, 0, 16, 16], "texture": "#3"},
				"south": {"uv": [2, 4, 3, 6], "texture": "#3"},
				"west": {"uv": [0, 0, 0, 16], "texture": "#3"},
				"up": {"uv": [0, 0, 2, 0], "texture": "#3"},
				"down": {"uv": [0, 0, 2, 0], "texture": "#3"}
			}
		},
		{
			"from": [12, 20, 5],
			"to": [13, 21, 5],
			"faces": {
				"north": {"uv": [3, 11, 4, 12], "texture": "#3"},
				"east": {"uv": [0, 0, 16, 16], "texture": "#3"},
				"south": {"uv": [3, 7, 5, 11], "texture": "#3"},
				"west": {"uv": [0, 0, 0, 16], "texture": "#3"},
				"up": {"uv": [0, 0, 2, 0], "texture": "#3"},
				"down": {"uv": [0, 0, 2, 0], "texture": "#3"}
			}
		},
		{
			"from": [11, 21, 5],
			"to": [13, 25, 5],
			"faces": {
				"north": {"uv": [3, 7, 5, 11], "texture": "#3"},
				"east": {"uv": [0, 0, 16, 16], "texture": "#3"},
				"south": {"uv": [3, 7, 5, 11], "texture": "#3"},
				"west": {"uv": [0, 0, 0, 16], "texture": "#3"},
				"up": {"uv": [0, 0, 2, 0], "texture": "#3"},
				"down": {"uv": [0, 0, 2, 0], "texture": "#3"}
			}
		},
		{
			"from": [13, 26, 5],
			"to": [14, 28, 5],
			"faces": {
				"north": {"uv": [2, 4, 3, 6], "texture": "#3"},
				"east": {"uv": [0, 0, 16, 16], "texture": "#3"},
				"south": {"uv": [2, 4, 3, 6], "texture": "#3"},
				"west": {"uv": [0, 0, 0, 16], "texture": "#3"},
				"up": {"uv": [0, 0, 2, 0], "texture": "#3"},
				"down": {"uv": [0, 0, 2, 0], "texture": "#3"}
			}
		},
		{
			"from": [14, 16, 5],
			"to": [16, 24, 5],
			"faces": {
				"north": {"uv": [0, 8, 2, 16], "texture": "#3"},
				"east": {"uv": [0, 0, 16, 16], "texture": "#3"},
				"south": {"uv": [0, 8, 2, 16], "texture": "#3"},
				"west": {"uv": [0, 0, 0, 16], "texture": "#3"},
				"up": {"uv": [0, 0, 2, 0], "texture": "#3"},
				"down": {"uv": [0, 0, 2, 0], "texture": "#3"}
			}
		},
		{
			"from": [14, 24, 5],
			"to": [15, 26, 5],
			"faces": {
				"north": {"uv": [1, 6, 2, 8], "texture": "#3"},
				"east": {"uv": [0, 0, 16, 16], "texture": "#3"},
				"south": {"uv": [1, 6, 2, 8], "texture": "#3"},
				"west": {"uv": [0, 0, 0, 16], "texture": "#3"},
				"up": {"uv": [0, 0, 2, 0], "texture": "#3"},
				"down": {"uv": [0, 0, 2, 0], "texture": "#3"}
			}
		},
		{
			"from": [3, 30, 5],
			"to": [4, 31, 5],
			"faces": {
				"north": {"uv": [13, 0, 14, 1], "texture": "#3"},
				"east": {"uv": [0, 0, 16, 16], "texture": "#3"},
				"south": {"uv": [13, 0, 14, 1], "texture": "#3"},
				"west": {"uv": [0, 0, 0.01, 1], "texture": "#3"},
				"up": {"uv": [0, 0, 1, 0.01], "texture": "#3"},
				"down": {"uv": [0, 0, 1, 0.01], "texture": "#3"}
			}
		},
		{
			"from": [10, 16, 0],
			"to": [10, 24, 2],
			"faces": {
				"north": {"uv": [0, 0, 16, 16], "texture": "#3"},
				"east": {"uv": [0, 8, 2, 16], "texture": "#3"},
				"south": {"uv": [0, 0, 0, 16], "texture": "#3"},
				"west": {"uv": [0, 8, 2, 16], "texture": "#3"},
				"up": {"uv": [0, 0, 2, 0], "rotation": 270, "texture": "#3"},
				"down": {"uv": [0, 0, 2, 0], "rotation": 90, "texture": "#3"}
			}
		},
		{
			"from": [10, 24, 1],
			"to": [10, 26, 2],
			"faces": {
				"north": {"uv": [0, 0, 16, 16], "texture": "#3"},
				"east": {"uv": [1, 6, 2, 8], "texture": "#3"},
				"south": {"uv": [0, 0, 0, 16], "texture": "#3"},
				"west": {"uv": [1, 6, 2, 8], "texture": "#3"},
				"up": {"uv": [0, 0, 2, 0], "rotation": 270, "texture": "#3"},
				"down": {"uv": [0, 0, 2, 0], "rotation": 90, "texture": "#3"}
			}
		},
		{
			"from": [10, 26, 2],
			"to": [10, 28, 3],
			"faces": {
				"north": {"uv": [0, 0, 16, 16], "texture": "#3"},
				"east": {"uv": [2, 4, 3, 6], "texture": "#3"},
				"south": {"uv": [0, 0, 0, 16], "texture": "#3"},
				"west": {"uv": [2, 4, 3, 6], "texture": "#3"},
				"up": {"uv": [0, 0, 2, 0], "rotation": 270, "texture": "#3"},
				"down": {"uv": [0, 0, 2, 0], "rotation": 90, "texture": "#3"}
			}
		},
		{
			"from": [10, 27, 3],
			"to": [10, 30, 4],
			"faces": {
				"north": {"uv": [0, 0, 16, 16], "texture": "#3"},
				"east": {"uv": [3, 2, 4, 5], "texture": "#3"},
				"south": {"uv": [0, 0, 0, 16], "texture": "#3"},
				"west": {"uv": [3, 2, 4, 5], "texture": "#3"},
				"up": {"uv": [0, 0, 2, 0], "rotation": 270, "texture": "#3"},
				"down": {"uv": [0, 0, 2, 0], "rotation": 90, "texture": "#3"}
			}
		},
		{
			"from": [10, 29, 4],
			"to": [10, 31, 5],
			"faces": {
				"north": {"uv": [0, 0, 16, 16], "texture": "#3"},
				"east": {"uv": [4, 1, 5, 3], "texture": "#3"},
				"south": {"uv": [0, 0, 0, 16], "texture": "#3"},
				"west": {"uv": [4, 1, 5, 3], "texture": "#3"},
				"up": {"uv": [0, 0, 2, 0], "rotation": 270, "texture": "#3"},
				"down": {"uv": [0, 0, 2, 0], "rotation": 90, "texture": "#3"}
			}
		},
		{
			"from": [10, 30, 5],
			"to": [10, 32, 6],
			"faces": {
				"north": {"uv": [0, 0, 16, 16], "texture": "#3"},
				"east": {"uv": [5, 0, 6, 2], "texture": "#3"},
				"south": {"uv": [0, 0, 0, 16], "texture": "#3"},
				"west": {"uv": [5, 0, 6, 2], "texture": "#3"},
				"up": {"uv": [0, 0, 2, 0], "rotation": 270, "texture": "#3"},
				"down": {"uv": [0, 0, 2, 0], "rotation": 90, "texture": "#3"}
			}
		},
		{
			"from": [10, 21, 3],
			"to": [10, 25, 5],
			"faces": {
				"north": {"uv": [0, 0, 16, 16], "texture": "#3"},
				"east": {"uv": [3, 7, 5, 11], "texture": "#3"},
				"south": {"uv": [0, 0, 0, 16], "texture": "#3"},
				"west": {"uv": [3, 7, 5, 11], "texture": "#3"},
				"up": {"uv": [0, 0, 2, 0], "rotation": 270, "texture": "#3"},
				"down": {"uv": [0, 0, 2, 0], "rotation": 90, "texture": "#3"}
			}
		},
		{
			"from": [10, 25, 3],
			"to": [10, 26, 4],
			"faces": {
				"north": {"uv": [0, 0, 16, 16], "texture": "#3"},
				"east": {"uv": [2, 4, 3, 6], "texture": "#3"},
				"south": {"uv": [0, 0, 0, 16], "texture": "#3"},
				"west": {"uv": [2, 4, 3, 6], "texture": "#3"},
				"up": {"uv": [0, 0, 2, 0], "rotation": 270, "texture": "#3"},
				"down": {"uv": [0, 0, 2, 0], "rotation": 90, "texture": "#3"}
			}
		},
		{
			"from": [10, 20, 3],
			"to": [10, 21, 4],
			"faces": {
				"north": {"uv": [0, 0, 16, 16], "texture": "#3"},
				"east": {"uv": [3, 7, 5, 11], "texture": "#3"},
				"south": {"uv": [0, 0, 0, 16], "texture": "#3"},
				"west": {"uv": [3, 11, 4, 12], "texture": "#3"},
				"up": {"uv": [0, 0, 2, 0], "rotation": 270, "texture": "#3"},
				"down": {"uv": [0, 0, 2, 0], "rotation": 90, "texture": "#3"}
			}
		},
		{
			"from": [10, 16, 5],
			"to": [10, 20, 7],
			"faces": {
				"north": {"uv": [0, 0, 16, 16], "texture": "#3"},
				"east": {"uv": [5, 12, 7, 16], "texture": "#3"},
				"south": {"uv": [0, 0, 0.01, 1], "texture": "#3"},
				"west": {"uv": [5, 12, 7, 16], "texture": "#3"},
				"up": {"uv": [0, 0, 1, 0.01], "rotation": 270, "texture": "#3"},
				"down": {"uv": [0, 0, 1, 0.01], "rotation": 90, "texture": "#3"}
			}
		},
		{
			"from": [10, 20, 6],
			"to": [10, 23, 7],
			"faces": {
				"north": {"uv": [0, 0, 16, 16], "texture": "#3"},
				"east": {"uv": [7, 7, 8, 10], "texture": "#3"},
				"south": {"uv": [0, 0, 0.01, 1], "texture": "#3"},
				"west": {"uv": [8, 7, 7, 10], "texture": "#3"},
				"up": {"uv": [0, 0, 1, 0.01], "rotation": 270, "texture": "#3"},
				"down": {"uv": [0, 0, 1, 0.01], "rotation": 90, "texture": "#3"}
			}
		},
		{
			"from": [10, 22, 7],
			"to": [10, 25, 8],
			"faces": {
				"north": {"uv": [0, 0, 16, 16], "texture": "#3"},
				"east": {"uv": [7, 7, 8, 10], "texture": "#3"},
				"south": {"uv": [0, 0, 0.01, 1], "texture": "#3"},
				"west": {"uv": [7, 7, 8, 10], "texture": "#3"},
				"up": {"uv": [0, 0, 1, 0.01], "rotation": 270, "texture": "#3"},
				"down": {"uv": [0, 0, 1, 0.01], "rotation": 90, "texture": "#3"}
			}
		},
		{
			"from": [10, 24, 8],
			"to": [10, 26, 9],
			"faces": {
				"north": {"uv": [0, 0, 16, 16], "texture": "#3"},
				"east": {"uv": [8, 6, 9, 8], "texture": "#3"},
				"south": {"uv": [0, 0, 0.01, 1], "texture": "#3"},
				"west": {"uv": [8, 6, 9, 8], "texture": "#3"},
				"up": {"uv": [0, 0, 1, 0.01], "rotation": 270, "texture": "#3"},
				"down": {"uv": [0, 0, 1, 0.01], "rotation": 90, "texture": "#3"}
			}
		},
		{
			"from": [10, 26, 9],
			"to": [10, 28, 10],
			"faces": {
				"north": {"uv": [0, 0, 16, 16], "texture": "#3"},
				"east": {"uv": [9, 4, 10, 6], "texture": "#3"},
				"south": {"uv": [0, 0, 0.01, 1], "texture": "#3"},
				"west": {"uv": [9, 4, 10, 6], "texture": "#3"},
				"up": {"uv": [0, 0, 1, 0.01], "rotation": 270, "texture": "#3"},
				"down": {"uv": [0, 0, 1, 0.01], "rotation": 90, "texture": "#3"}
			}
		},
		{
			"from": [10, 27, 10],
			"to": [10, 29, 11],
			"faces": {
				"north": {"uv": [0, 0, 16, 16], "texture": "#3"},
				"east": {"uv": [11, 2, 12, 4], "texture": "#3"},
				"south": {"uv": [0, 0, 0.01, 1], "texture": "#3"},
				"west": {"uv": [11, 2, 12, 4], "texture": "#3"},
				"up": {"uv": [0, 0, 1, 0.01], "rotation": 270, "texture": "#3"},
				"down": {"uv": [0, 0, 1, 0.01], "rotation": 90, "texture": "#3"}
			}
		},
		{
			"from": [10, 28, 11],
			"to": [10, 30, 12],
			"faces": {
				"north": {"uv": [0, 0, 16, 16], "texture": "#3"},
				"east": {"uv": [12, 1, 13, 3], "texture": "#3"},
				"south": {"uv": [0, 0, 0.01, 1], "texture": "#3"},
				"west": {"uv": [12, 1, 13, 3], "texture": "#3"},
				"up": {"uv": [0, 0, 1, 0.01], "rotation": 270, "texture": "#3"},
				"down": {"uv": [0, 0, 1, 0.01], "rotation": 90, "texture": "#3"}
			}
		},
		{
			"from": [10, 30, 12],
			"to": [10, 31, 13],
			"faces": {
				"north": {"uv": [0, 0, 16, 16], "texture": "#3"},
				"east": {"uv": [13, 0, 14, 1], "texture": "#3"},
				"south": {"uv": [0, 0, 0.01, 1], "texture": "#3"},
				"west": {"uv": [13, 0, 14, 1], "texture": "#3"},
				"up": {"uv": [0, 0, 1, 0.01], "rotation": 270, "texture": "#3"},
				"down": {"uv": [0, 0, 1, 0.01], "rotation": 90, "texture": "#3"}
			}
		},
		{
			"from": [10, 23, 9],
			"to": [10, 24, 10],
			"faces": {
				"north": {"uv": [0, 0, 16, 16], "texture": "#3"},
				"east": {"uv": [9, 8, 10, 9], "texture": "#3"},
				"south": {"uv": [0, 0, 0.01, 1], "texture": "#3"},
				"west": {"uv": [9, 8, 10, 9], "texture": "#3"},
				"up": {"uv": [0, 0, 1, 0.01], "rotation": 270, "texture": "#3"},
				"down": {"uv": [0, 0, 1, 0.01], "rotation": 90, "texture": "#3"}
			}
		},
		{
			"from": [10, 18, 9],
			"to": [10, 23, 11],
			"faces": {
				"north": {"uv": [0, 0, 16, 16], "texture": "#3"},
				"east": {"uv": [9, 9, 11, 14], "texture": "#3"},
				"south": {"uv": [0, 0, 0.01, 1], "texture": "#3"},
				"west": {"uv": [9, 9, 11, 14], "texture": "#3"},
				"up": {"uv": [0, 0, 1, 0.01], "rotation": 270, "texture": "#3"},
				"down": {"uv": [0, 0, 1, 0.01], "rotation": 90, "texture": "#3"}
			}
		},
		{
			"from": [10, 17, 10],
			"to": [10, 18, 11],
			"faces": {
				"north": {"uv": [0, 0, 16, 16], "texture": "#3"},
				"east": {"uv": [10, 14, 11, 15], "texture": "#3"},
				"south": {"uv": [0, 0, 0.01, 1], "texture": "#3"},
				"west": {"uv": [10, 14, 11, 15], "texture": "#3"},
				"up": {"uv": [0, 0, 1, 0.01], "rotation": 270, "texture": "#3"},
				"down": {"uv": [0, 0, 1, 0.01], "rotation": 90, "texture": "#3"}
			}
		}
	],
	"groups": [
		{
			"name": "Right Stem",
			"origin": [8, 8, 8],
			"color": 0,
			"children": [0, 1]
		},
		{
			"name": "Left Stem",
			"origin": [8, 8, 8],
			"color": 0,
			"children": [2, 3]
		},
		{
			"name": "Leaves",
			"origin": [0, 0, 0],
			"color": 0,
			"children": [
				4,
				5,
				6,
				7,
				{
					"name": "Rice Head",
					"origin": [0, 0, 0],
					"color": 0,
					"children": [8, 9, 10, 11, 12, 13, 14, 15, 16, 17, 18, 19, 20, 21, 22, 23, 24, 25, 26, 27, 28, 29, 30, 31, 32, 33, 34, 35, 36, 37, 38, 39, 40, 41, 42, 43, 44, 45, 46, 47]
				},
				48,
				49,
				50,
				51,
				52,
				53,
				54,
				55,
				56,
				57,
				58,
				59,
				60,
				61,
				62,
				63,
				64,
				65,
				66,
				67,
				68,
				69,
				70,
				71,
				72,
				73,
				74,
				75,
				76,
				77,
				78,
				79,
				80,
				81
			]
		},
		{
			"name": "Rice Head",
			"origin": [0, 0, 0],
			"color": 0,
			"children": [82, 83, 84, 85, 86, 87, 88, 89, 90, 91, 92, 93, 94, 95, 96, 97, 98, 99, 100, 101, 102, 103, 104, 105, 106, 107, 108, 109, 110, 111, 112, 113, 114, 115, 116, 117, 118, 119, 120, 121]
		}
	]
}