{
  "_fv": 33,
  "_type": "recipe",
  "definition": {
    "recipeType": "Crafting",
    "xpReward": 0.0,
    "cookingTime": 200,
    "recipeRetstackSize": 1,
    "group": "",
    "recipeShapeless": true,
    "recipeSlots": [
      {
        "value": "CUSTOM:WhiteRiceFlourDust"
      },
      {
        "value": "CUSTOM:WhiteRiceFlourDust"
      },
      {
        "value": "CUSTOM:WhiteRiceFlourDust"
      },
      {
        "value": "CUSTOM:WhiteRiceFlourDust"
      },
      {
        "value": ""
      },
      {
        "value": "CUSTOM:WhiteRiceFlourDust"
      },
      {
        "value": "CUSTOM:WhiteRiceFlourDust"
      },
      {
        "value": "CUSTOM:WhiteRiceFlourDust"
      },
      {
        "value": "CUSTOM:WhiteRiceFlourDust"
      }
    ],
    "recipeReturnStack": {
      "value": "CUSTOM:WhiteRiceFlour"
    },
    "name": "dust_to_flour_white",
    "namespace": "mod"
  }
}