{
  "_fv": 33,
  "_type": "tool",
  "definition": {
    "renderType": 0,
    "texture": "fryingpan",
    "customModelName": "Normal",
    "name": "Frying Pan",
    "specialInfo": [],
    "creativeTab": {
      "value": "MATERIALS"
    },
    "toolType": "Sword",
    "harvestLevel": 1,
    "efficiency": 4.0,
    "attackSpeed": 1.0,
    "enchantability": 14,
    "damageVsEntity": 2.4,
    "usageCount": 250,
    "blocksAffected": [],
    "hasGlow": false,
    "repairItems": [
      {
        "value": "Items.IRON_INGOT"
      }
    ],
    "immuneToFire": false,
    "stayInGridWhenCrafting": true,
    "damageOnCrafting": true
  }
}