{
  "_fv": 33,
  "_type": "recipe",
  "definition": {
    "recipeType": "Crafting",
    "xpReward": 0.0,
    "cookingTime": 200,
    "recipeRetstackSize": 1,
    "group": "",
    "recipeShapeless": false,
    "recipeSlots": [
      {
        "value": ""
      },
      {
        "value": "TAG:forge:milk"
      },
      {
        "value": ""
      },
      {
        "value": "CUSTOM:Tapai"
      },
      {
        "value": "TAG:forge:tool_grinder"
      },
      {
        "value": "CUSTOM:Tapai"
      },
      {
        "value": ""
      },
      {
        "value": ""
      },
      {
        "value": ""
      }
    ],
    "recipeReturnStack": {
      "value": "CUSTOM:Galapong"
    },
    "name": "galapong_recipe",
    "namespace": "mod"
  }
}