{
  "_fv": 33,
  "_type": "item",
  "definition": {
    "renderType": 0,
    "texture": "fryingpaneggraw",
    "customModelName": "Normal",
    "name": "Raw Rice and Egg",
    "rarity": "COMMON",
    "creativeTab": {
      "value": "FOOD"
    },
    "stackSize": 1,
    "enchantability": 0,
    "useDuration": 32,
    "toolType": 1.0,
    "damageCount": 0,
    "recipeRemainder": {
      "value": ""
    },
    "destroyAnyBlock": false,
    "immuneToFire": false,
    "stayInGridWhenCrafting": false,
    "damageOnCrafting": false,
    "enableMeleeDamage": false,
    "damageVsEntity": 0.0,
    "specialInfo": [],
    "hasGlow": false,
    "guiBoundTo": "<NONE>",
    "inventorySize": 9,
    "inventoryStackSize": 64,
    "onFinishUsingItem": {
      "name": "RawRiceAndEggPlayerFinishesUsingItem"
    },
    "isFood": true,
    "nutritionalValue": 2,
    "saturation": -0.1,
    "eatResultItem": {
      "value": "CUSTOM:FryingPan"
    },
    "isMeat": false,
    "isAlwaysEdible": false,
    "animation": "eat"
  }
}