{
  "_fv": 33,
  "_type": "recipe",
  "definition": {
    "recipeType": "Crafting",
    "xpReward": 0.0,
    "cookingTime": 200,
    "recipeRetstackSize": 1,
    "group": "",
    "recipeShapeless": false,
    "recipeSlots": [
      {
        "value": "CUSTOM:RawWhiteRice"
      },
      {
        "value": "CUSTOM:RawWhiteRice"
      },
      {
        "value": "CUSTOM:RawWhiteRice"
      },
      {
        "value": "CUSTOM:RawWhiteRice"
      },
      {
        "value": "TAG:forge:tool_grinder"
      },
      {
        "value": "CUSTOM:RawWhiteRice"
      },
      {
        "value": "CUSTOM:RawWhiteRice"
      },
      {
        "value": "CUSTOM:RawWhiteRice"
      },
      {
        "value": "CUSTOM:RawWhiteRice"
      }
    ],
    "recipeReturnStack": {
      "value": "CUSTOM:WhiteRiceFlour"
    },
    "name": "rice_flour_recipe_2",
    "namespace": "mod"
  }
}