{
  "_fv": 33,
  "_type": "plant",
  "definition": {
    "renderType": 12,
    "texture": "2",
    "textureBottom": "",
    "customModelName": "Cross model",
    "itemTexture": "",
    "particleTexture": "",
    "tintType": "No tint",
    "isItemTinted": false,
    "plantType": "normal",
    "staticPlantGenerationType": "Flower",
    "suspiciousStewEffect": "SPEED",
    "suspiciousStewDuration": 100,
    "growapableSpawnType": "Crop",
    "growapableMaxHeight": 3,
    "doublePlantGenerationType": "Flower",
    "customBoundingBox": false,
    "disableOffset": false,
    "boundingBoxes": [
      {
        "mx": 0.0,
        "my": 0.0,
        "mz": 0.0,
        "Mx": 16.0,
        "My": 16.0,
        "Mz": 16.0,
        "subtract": false
      }
    ],
    "name": "Second State",
    "specialInfo": [],
    "creativeTab": {
      "value": "DECORATIONS"
    },
    "hardness": 0.0,
    "resistance": 0.0,
    "luminance": 0,
    "unbreakable": false,
    "isSolid": false,
    "isCustomSoundType": false,
    "soundOnStep": {
      "value": "PLANT"
    },
    "breakSound": {
      "value": ""
    },
    "stepSound": {
      "value": ""
    },
    "placeSound": {
      "value": ""
    },
    "hitSound": {
      "value": ""
    },
    "fallSound": {
      "value": ""
    },
    "useLootTableForDrops": false,
    "customDrop": {
      "value": "CUSTOM:UnprocessedRice"
    },
    "dropAmount": 1,
    "forceTicking": true,
    "emissiveRendering": false,
    "hasTileEntity": true,
    "isReplaceable": false,
    "colorOnMap": "DEFAULT",
    "creativePickItem": {
      "value": "CUSTOM:UnprocessedRice"
    },
    "offsetType": "XZ",
    "aiPathNodeType": "DEFAULT",
    "flammability": 100,
    "fireSpreadSpeed": 60,
    "jumpFactor": 1.0,
    "speedFactor": 1.0,
    "canBePlacedOn": [],
    "frequencyOnChunks": 5,
    "spawnWorldTypes": [],
    "restrictionBiomes": [],
    "patchSize": 64,
    "generateAtAnyHeight": false,
    "onBlockAdded": {
      "name": "RiceAdditionalGenerationCondition"
    },
    "onDestroyedByPlayer": {
      "name": "RicePlantDestroyedByPlayer"
    },
    "onRightClicked": {
      "name": "Secondbone"
    }
  }
}