{
  "_fv": 33,
  "_type": "recipe",
  "definition": {
    "recipeType": "Crafting",
    "xpReward": 0.0,
    "cookingTime": 200,
    "recipeRetstackSize": 1,
    "group": "",
    "recipeShapeless": true,
    "recipeSlots": [
      {
        "value": ""
      },
      {
        "value": "Items.SUGAR"
      },
      {
        "value": ""
      },
      {
        "value": "CUSTOM:RiceBowl2"
      },
      {
        "value": "Items.WATER_BUCKET"
      },
      {
        "value": "CUSTOM:RiceBowl2"
      },
      {
        "value": ""
      },
      {
        "value": "Items.SUGAR"
      },
      {
        "value": "CUSTOM:Bubod"
      }
    ],
    "recipeReturnStack": {
      "value": "CUSTOM:FermentingRiceMix"
    },
    "name": "slurry_recipe",
    "namespace": "mod"
  }
}