{
  "_fv": 33,
  "_type": "recipe",
  "definition": {
    "recipeType": "Crafting",
    "xpReward": 0.0,
    "cookingTime": 200,
    "recipeRetstackSize": 1,
    "group": "",
    "recipeShapeless": true,
    "recipeSlots": [
      {
        "value": "CUSTOM:RawWhiteRice"
      },
      {
        "value": "CUSTOM:RawWhiteRice"
      },
      {
        "value": "CUSTOM:RawWhiteRice"
      },
      {
        "value": ""
      },
      {
        "value": "CUSTOM:WaterBowl"
      },
      {
        "value": ""
      },
      {
        "value": ""
      },
      {
        "value": ""
      },
      {
        "value": ""
      }
    ],
    "recipeReturnStack": {
      "value": "CUSTOM:WaterBowlWithRice2"
    },
    "name": "water_with_rice_2",
    "namespace": "mod"
  }
}