{
	"credit": "Made with Blockbench",
	"textures": {
		"0": "block/texture",
		"1": "block/texture",
		"particle": "block/texture"
	},
	"elements": [
		{
			"from": [9, 0, 5],
			"to": [10, 1, 12],
			"rotation": {"angle": -45, "axis": "x", "origin": [0, 2, -4]},
			"faces": {
				"north": {"uv": [2, 2, 3, 3], "texture": "#1"},
				"east": {"uv": [0, 0, 7, 1], "texture": "#1"},
				"south": {"uv": [2, 3, 3, 4], "texture": "#1"},
				"west": {"uv": [0, 1, 7, 2], "texture": "#1"},
				"up": {"uv": [1, 9, 0, 2], "texture": "#1"},
				"down": {"uv": [2, 2, 1, 9], "texture": "#1"}
			}
		},
		{
			"from": [9, -6.75, 11.75],
			"to": [10, 7.25, 12.75],
			"rotation": {"angle": -22.5, "axis": "x", "origin": [0, 2, -4]},
			"faces": {
				"north": {"uv": [0, 0, 2, 9], "rotation": 180, "texture": "#1"},
				"east": {"uv": [0, 0, 14, 1], "rotation": 90, "texture": "#1"},
				"south": {"uv": [0, 0, 2, 9], "texture": "#1"},
				"west": {"uv": [0, 0, 7, 2], "rotation": 270, "texture": "#1"},
				"up": {"uv": [0, 0, 1, 1], "texture": "#1"},
				"down": {"uv": [0, 0, 1, 1], "rotation": 180, "texture": "#1"}
			}
		},
		{
			"from": [8.75, 0.4, 11.5],
			"to": [10.25, 0.65, 11.75],
			"rotation": {"angle": -45, "axis": "x", "origin": [0, 2, -4]},
			"faces": {
				"north": {"uv": [0, 0, 2, 1], "texture": "#0"},
				"east": {"uv": [0, 4, 1, 5], "texture": "#0"},
				"south": {"uv": [0, 1, 2, 2], "texture": "#0"},
				"west": {"uv": [4, 0, 5, 1], "texture": "#0"},
				"up": {"uv": [2, 3, 0, 2], "texture": "#0"},
				"down": {"uv": [4, 0, 2, 1], "texture": "#0"}
			}
		},
		{
			"from": [8.75, 0.4, 11.75],
			"to": [9, 0.65, 12.5],
			"rotation": {"angle": -45, "axis": "x", "origin": [0, 2, -4]},
			"faces": {
				"north": {"uv": [1, 4, 2, 5], "texture": "#0"},
				"east": {"uv": [4, 1, 5, 2], "texture": "#0"},
				"south": {"uv": [2, 4, 3, 5], "texture": "#0"},
				"west": {"uv": [4, 2, 5, 3], "texture": "#0"},
				"up": {"uv": [4, 5, 3, 4], "texture": "#0"},
				"down": {"uv": [5, 3, 4, 4], "texture": "#0"}
			}
		},
		{
			"from": [8.75, 0.4, 12.5],
			"to": [10.25, 0.65, 12.75],
			"rotation": {"angle": -45, "axis": "x", "origin": [0, 2, -4]},
			"faces": {
				"north": {"uv": [2, 1, 4, 2], "texture": "#0"},
				"east": {"uv": [4, 4, 5, 5], "texture": "#0"},
				"south": {"uv": [2, 2, 4, 3], "texture": "#0"},
				"west": {"uv": [0, 5, 1, 6], "texture": "#0"},
				"up": {"uv": [2, 4, 0, 3], "texture": "#0"},
				"down": {"uv": [4, 3, 2, 4], "texture": "#0"}
			}
		},
		{
			"from": [10, 0.4, 11.75],
			"to": [10.25, 0.65, 12.5],
			"rotation": {"angle": -45, "axis": "x", "origin": [0, 2, -4]},
			"faces": {
				"north": {"uv": [5, 0, 6, 1], "texture": "#0"},
				"east": {"uv": [1, 5, 2, 6], "texture": "#0"},
				"south": {"uv": [5, 1, 6, 2], "texture": "#0"},
				"west": {"uv": [2, 5, 3, 6], "texture": "#0"},
				"up": {"uv": [6, 3, 5, 2], "texture": "#0"},
				"down": {"uv": [4, 5, 3, 6], "texture": "#0"}
			}
		}
	],
	"groups": [
		0,
		1,
		{
			"name": "String",
			"origin": [0, 0, 0],
			"color": 0,
			"children": [2, 3, 4, 5]
		}
	]
}